{"cameraMode":{"drawMode":0,"name":"Shaded","section":"Shading Mode"},"sceneLighting":true,"audioPlay":false,"sceneViewState":{"showFog":true,"showMaterialUpdate":false,"showSkybox":true,"showFlares":true,"showImageEffects":true,"showParticleSystems":true},"in2DMode":false,"pivot":{"x":6.968782424926758,"y":13.134252548217774,"z":7.810037612915039},"rotation":{"x":0.45756030082702639,"y":-0.2428712099790573,"z":0.13166144490242005,"w":0.8452558517456055},"size":0.6624487638473511,"orthographic":false}